Record_ID,Department,Employee_ID,Transaction_Amount,Transaction_Date,Status
1,IT,EMP1001,277348.34,2024-05-11,Rejected
2,Finance,EMP1002,447806.67,2023-11-01,Rejected
3,Sales,EMP1003,245426.41,2023-02-24,Rejected
4,Operations,EMP1004,408916.1,2024-07-04,Approved
5,HR,EMP1005,332341.83,2023-01-02,Approved
6,IT,EMP1006,223711.08,2024-06-26,Rejected
7,Sales,EMP1007,361600.83,2023-05-01,Rejected
8,HR,EMP1008,467631.56,2024-05-24,Rejected
9,IT,EMP1009,499600.66,2023-08-02,Approved
10,HR,EMP1010,244209.84,2023-11-27,Rejected
11,IT,EMP1011,286507.8,2024-05-20,Pending
12,HR,EMP1012,148924.24,2024-10-16,Rejected
13,Finance,EMP1013,233495.99,2023-04-28,Pending
14,Operations,EMP1014,336743.6,2023-08-22,Pending
15,Sales,EMP1015,86832.49,2023-09-17,Rejected
16,Sales,EMP1016,382722.3,2023-08-21,Approved
17,Operations,EMP1017,471178.46,2024-10-08,Pending
18,Audit,EMP1018,329467.11,2023-04-03,Approved
19,Audit,EMP1019,467503.02,2024-11-14,Pending
20,HR,EMP1020,444806.14,2024-01-14,Rejected
21,Finance,EMP1021,178343.5,2023-05-19,Approved
22,HR,EMP1022,153289.28,2024-09-04,Pending
23,Audit,EMP1023,28743.52,2023-07-09,Pending
24,Operations,EMP1024,356347.62,2023-05-01,Approved
25,Sales,EMP1025,232386.66,2023-10-07,Pending
26,Sales,EMP1026,302368.03,2024-10-24,Pending
27,Operations,EMP1027,164107.14,2024-11-18,Approved
28,IT,EMP1028,108805.55,2023-04-29,Pending
29,Operations,EMP1029,258683.36,2024-07-25,Pending
30,Sales,EMP1030,366265.58,2024-05-22,Pending
31,IT,EMP1031,408354.68,2023-08-06,Rejected
32,Operations,EMP1032,493130.8,2023-06-27,Rejected
33,Sales,EMP1033,336871.94,2023-06-18,Approved
34,HR,EMP1034,293212.74,2024-10-17,Rejected
35,Audit,EMP1035,224687.83,2024-01-10,Approved
36,Finance,EMP1036,37102.63,2023-10-12,Rejected
37,IT,EMP1037,289359.07,2023-01-12,Approved
38,Operations,EMP1038,376335.02,2023-05-15,Approved
39,Sales,EMP1039,276450.87,2024-04-09,Approved
40,Operations,EMP1040,57948.12,2024-01-09,Rejected
41,Operations,EMP1041,176063.95,2024-09-30,Rejected
42,HR,EMP1042,126280.21,2023-07-24,Approved
43,Sales,EMP1043,212890.66,2024-05-02,Rejected
44,Finance,EMP1044,176698.46,2023-09-22,Rejected
45,Sales,EMP1045,249375.17,2024-12-13,Approved
46,Finance,EMP1046,77692.71,2023-03-10,Rejected
47,IT,EMP1047,161152.67,2023-02-07,Rejected
48,Finance,EMP1048,12379.81,2024-09-30,Pending
49,HR,EMP1049,392372.91,2024-07-27,Rejected
50,HR,EMP1050,332845.75,2024-11-06,Rejected
51,Audit,EMP1051,273046.12,2024-06-10,Rejected
52,Finance,EMP1052,450768.91,2024-07-16,Pending
53,IT,EMP1053,243641.65,2023-01-03,Rejected
54,IT,EMP1054,490206.65,2023-10-01,Pending
55,Sales,EMP1055,449663.82,2024-10-04,Rejected
56,Sales,EMP1056,13131.63,2023-07-12,Rejected
57,Sales,EMP1057,446209.42,2024-05-23,Rejected
58,Finance,EMP1058,471638.05,2024-05-22,Approved
59,HR,EMP1059,293300.31,2023-04-14,Rejected
60,Finance,EMP1060,18002.16,2023-12-31,Pending
61,Audit,EMP1061,392912.96,2023-03-07,Rejected
62,Operations,EMP1062,326511.92,2024-03-12,Pending
63,Operations,EMP1063,347065.86,2024-03-11,Rejected
64,Audit,EMP1064,402060.35,2023-12-26,Pending
65,Finance,EMP1065,114333.68,2023-01-10,Rejected
66,HR,EMP1066,88943.09,2024-10-17,Rejected
67,Operations,EMP1067,308014.54,2024-07-04,Approved
68,HR,EMP1068,176772.16,2023-08-03,Pending
69,IT,EMP1069,165242.22,2023-12-26,Approved
70,IT,EMP1070,347151.22,2023-12-28,Approved
71,Finance,EMP1071,486458.18,2024-09-05,Approved
72,Sales,EMP1072,167828.28,2023-02-10,Rejected
73,HR,EMP1073,447687.85,2024-05-11,Approved
74,Sales,EMP1074,281801.45,2024-09-04,Approved
75,Sales,EMP1075,14890.65,2023-10-14,Approved
76,Operations,EMP1076,76710.19,2023-06-22,Approved
77,Operations,EMP1077,325055.2,2023-12-17,Rejected
78,Operations,EMP1078,481394.27,2024-03-22,Approved
79,Finance,EMP1079,278645.27,2024-04-14,Approved
80,Sales,EMP1080,94760.72,2023-01-09,Rejected
81,Audit,EMP1081,361824.68,2024-03-31,Approved
82,HR,EMP1082,437476.19,2024-11-19,Pending
83,Audit,EMP1083,499351.22,2023-05-24,Approved
84,HR,EMP1084,350501.55,2024-07-25,Rejected
85,Audit,EMP1085,255773.66,2024-09-23,Approved
86,HR,EMP1086,224291.59,2024-11-22,Rejected
87,Audit,EMP1087,407728.07,2024-08-09,Pending
88,HR,EMP1088,318285.91,2024-02-14,Rejected
89,Audit,EMP1089,310858.38,2023-08-25,Rejected
90,Operations,EMP1090,446786.92,2023-09-09,Approved
91,HR,EMP1091,276164.29,2024-07-27,Rejected
92,IT,EMP1092,328396.93,2023-12-10,Approved
93,Operations,EMP1093,293159.76,2024-07-30,Rejected
94,Audit,EMP1094,354078.54,2023-06-08,Pending
95,Sales,EMP1095,406614.6,2023-10-30,Pending
96,HR,EMP1096,352398.63,2023-11-29,Approved
97,Audit,EMP1097,77891.02,2024-03-14,Pending
98,Finance,EMP1098,131487.84,2023-09-08,Pending
99,Sales,EMP1099,235598.38,2023-08-27,Pending
100,Finance,EMP1100,384545.33,2023-11-15,Rejected
101,HR,EMP1101,10298.76,2024-10-18,Approved
102,Operations,EMP1102,89857.0,2023-07-06,Pending
103,HR,EMP1103,119135.23,2023-02-07,Approved
104,IT,EMP1104,465780.49,2023-07-27,Pending
105,IT,EMP1105,227471.61,2024-04-05,Pending
106,IT,EMP1106,307683.33,2023-09-05,Rejected
107,IT,EMP1107,423989.89,2023-02-03,Approved
108,Audit,EMP1108,371583.07,2023-11-21,Rejected
109,HR,EMP1109,225224.8,2023-07-10,Pending
110,Operations,EMP1110,109602.53,2023-02-24,Pending
111,Operations,EMP1111,427467.98,2024-04-18,Pending
112,HR,EMP1112,233592.48,2023-03-24,Approved
113,IT,EMP1113,254882.56,2023-09-20,Rejected
114,Audit,EMP1114,400358.75,2024-05-19,Rejected
115,HR,EMP1115,155383.35,2023-01-15,Approved
116,Audit,EMP1116,351022.6,2024-03-23,Approved
117,Audit,EMP1117,241362.32,2023-01-26,Rejected
118,IT,EMP1118,335950.53,2024-11-21,Rejected
119,Audit,EMP1119,189022.43,2024-02-03,Approved
120,HR,EMP1120,234669.63,2023-04-26,Pending
121,IT,EMP1121,419499.5,2024-05-06,Rejected
122,Audit,EMP1122,202485.61,2024-11-06,Rejected
123,Sales,EMP1123,127380.23,2024-03-01,Approved
124,Audit,EMP1124,99099.47,2024-05-31,Approved
125,IT,EMP1125,288391.74,2024-09-27,Pending
126,Sales,EMP1126,26826.72,2023-09-16,Pending
127,IT,EMP1127,201451.58,2024-07-09,Rejected
128,IT,EMP1128,423578.26,2024-08-05,Rejected
129,IT,EMP1129,427791.49,2023-03-17,Approved
130,Audit,EMP1130,479860.72,2023-02-10,Approved
131,Finance,EMP1131,207900.04,2023-10-01,Rejected
132,Operations,EMP1132,197151.67,2023-01-05,Approved
133,IT,EMP1133,144933.03,2023-06-14,Approved
134,IT,EMP1134,488585.88,2024-08-23,Pending
135,Finance,EMP1135,381746.08,2023-04-14,Rejected
136,Operations,EMP1136,330372.24,2023-05-20,Pending
137,HR,EMP1137,156390.53,2023-05-25,Rejected
138,Sales,EMP1138,170550.95,2024-04-10,Approved
139,IT,EMP1139,91759.13,2023-07-28,Rejected
140,Sales,EMP1140,25993.22,2023-07-20,Approved
141,Finance,EMP1141,49579.72,2024-08-06,Approved
142,Finance,EMP1142,160194.55,2024-05-27,Approved
143,HR,EMP1143,39907.0,2024-07-13,Rejected
144,Finance,EMP1144,271327.62,2024-07-06,Rejected
145,Audit,EMP1145,164324.16,2024-07-29,Rejected
146,Audit,EMP1146,257019.95,2023-09-26,Approved
147,IT,EMP1147,238532.35,2024-01-31,Rejected
148,Audit,EMP1148,80098.87,2024-01-26,Approved
149,IT,EMP1149,128475.08,2024-12-29,Pending
150,Operations,EMP1150,252729.06,2024-08-10,Approved
151,Audit,EMP1151,330211.92,2024-12-29,Pending
152,Operations,EMP1152,106844.48,2024-10-10,Approved
153,IT,EMP1153,282042.37,2024-08-19,Rejected
154,IT,EMP1154,363957.52,2024-08-20,Rejected
155,Audit,EMP1155,17335.03,2023-07-13,Rejected
156,Sales,EMP1156,421240.92,2024-02-26,Pending
157,HR,EMP1157,223869.36,2023-05-16,Pending
158,Operations,EMP1158,35907.78,2023-11-23,Pending
159,Operations,EMP1159,7578.28,2023-08-04,Approved
160,Operations,EMP1160,258279.72,2023-04-07,Pending
161,HR,EMP1161,451033.81,2024-01-22,Approved
162,HR,EMP1162,251838.41,2024-04-20,Rejected
163,IT,EMP1163,87438.91,2023-04-06,Pending
164,HR,EMP1164,40405.52,2023-12-18,Rejected
165,Audit,EMP1165,228876.06,2024-07-11,Pending
166,Sales,EMP1166,236021.11,2024-09-18,Pending
167,Operations,EMP1167,24381.35,2023-08-08,Rejected
168,Sales,EMP1168,171310.89,2023-02-23,Pending
169,Sales,EMP1169,74060.49,2024-03-20,Rejected
170,Operations,EMP1170,253903.36,2023-10-26,Pending
171,Sales,EMP1171,75024.29,2024-10-13,Approved
172,Sales,EMP1172,359398.57,2024-01-29,Pending
173,Audit,EMP1173,5995.58,2023-04-18,Approved
174,Sales,EMP1174,153698.55,2023-08-24,Rejected
175,IT,EMP1175,192125.06,2023-07-25,Approved
176,Operations,EMP1176,188490.69,2023-03-21,Approved
177,Operations,EMP1177,440063.64,2024-09-23,Rejected
178,Audit,EMP1178,212221.7,2023-09-28,Pending
179,IT,EMP1179,382027.8,2024-11-20,Pending
180,HR,EMP1180,384396.42,2023-11-04,Pending
181,Operations,EMP1181,37549.74,2024-07-15,Approved
182,Audit,EMP1182,254619.17,2023-05-20,Rejected
183,Finance,EMP1183,77155.07,2023-05-17,Pending
184,Finance,EMP1184,96416.56,2023-02-16,Rejected
185,Operations,EMP1185,441922.58,2023-11-13,Pending
186,HR,EMP1186,369128.56,2024-11-29,Pending
187,IT,EMP1187,101682.13,2024-03-03,Pending
188,IT,EMP1188,118712.79,2024-11-28,Approved
189,IT,EMP1189,441332.51,2023-12-20,Pending
190,Sales,EMP1190,183818.41,2024-10-26,Approved
191,Finance,EMP1191,431712.87,2024-03-11,Rejected
192,HR,EMP1192,27031.51,2024-03-22,Pending
193,HR,EMP1193,210194.94,2023-10-08,Rejected
194,Audit,EMP1194,346831.71,2024-10-28,Rejected
195,Operations,EMP1195,199861.53,2023-10-06,Rejected
196,Operations,EMP1196,63026.69,2023-12-13,Pending
197,Operations,EMP1197,16568.99,2024-05-22,Approved
198,IT,EMP1198,115655.06,2024-04-03,Pending
199,Finance,EMP1199,225885.91,2024-09-16,Rejected
200,IT,EMP1200,329704.04,2024-10-13,Approved
201,HR,EMP1201,191650.44,2024-01-15,Approved
202,Finance,EMP1202,142057.72,2024-08-11,Rejected
203,Sales,EMP1203,38080.29,2023-09-03,Pending
204,Sales,EMP1204,242658.65,2023-04-14,Rejected
205,Sales,EMP1205,110559.19,2023-07-10,Rejected
206,Audit,EMP1206,18182.8,2024-10-31,Approved
207,IT,EMP1207,168559.59,2024-12-07,Pending
208,Sales,EMP1208,388250.38,2023-01-17,Rejected
209,IT,EMP1209,329844.93,2024-09-28,Pending
210,Audit,EMP1210,230652.9,2024-08-19,Pending
211,HR,EMP1211,40167.31,2023-03-16,Rejected
212,Sales,EMP1212,91351.04,2024-08-27,Pending
213,HR,EMP1213,304118.86,2023-02-13,Rejected
214,Finance,EMP1214,125601.19,2024-03-23,Approved
215,IT,EMP1215,239833.46,2024-12-06,Rejected
216,IT,EMP1216,315129.89,2024-12-06,Approved
217,HR,EMP1217,238070.84,2024-05-06,Rejected
218,Operations,EMP1218,149570.24,2024-11-21,Approved
219,Finance,EMP1219,156154.77,2023-10-29,Rejected
220,Sales,EMP1220,35190.44,2024-02-09,Pending
221,Sales,EMP1221,366414.65,2023-06-17,Rejected
222,Audit,EMP1222,484934.61,2024-09-28,Pending
223,Sales,EMP1223,223537.98,2023-05-31,Rejected
224,Sales,EMP1224,218346.14,2024-07-22,Approved
225,Sales,EMP1225,170785.39,2024-06-07,Approved
226,Audit,EMP1226,133670.2,2024-12-08,Approved
227,IT,EMP1227,211266.43,2023-11-11,Rejected
228,HR,EMP1228,244646.44,2023-01-26,Pending
229,HR,EMP1229,120215.88,2023-09-18,Rejected
230,Operations,EMP1230,394509.19,2023-01-31,Rejected
231,Audit,EMP1231,76923.05,2024-07-22,Pending
232,HR,EMP1232,148296.47,2024-07-30,Approved
233,IT,EMP1233,19884.27,2024-02-04,Pending
234,Operations,EMP1234,63318.57,2023-12-11,Approved
235,Finance,EMP1235,208259.57,2023-05-04,Rejected
236,Audit,EMP1236,285645.17,2023-07-04,Approved
237,HR,EMP1237,184438.92,2024-09-05,Pending
238,Audit,EMP1238,227036.22,2023-02-24,Pending
239,Sales,EMP1239,103213.36,2024-04-03,Approved
240,Sales,EMP1240,33027.92,2024-06-03,Rejected
241,Finance,EMP1241,457462.97,2024-01-07,Approved
242,Finance,EMP1242,371562.29,2024-04-25,Approved
243,Operations,EMP1243,243604.24,2023-08-14,Rejected
244,HR,EMP1244,194459.47,2024-05-23,Rejected
245,Sales,EMP1245,391569.84,2024-08-14,Rejected
246,Finance,EMP1246,449100.06,2023-03-03,Pending
247,IT,EMP1247,70555.52,2023-11-15,Approved
248,Finance,EMP1248,154793.18,2024-02-18,Approved
249,HR,EMP1249,8137.81,2024-03-06,Pending
250,Operations,EMP1250,50437.89,2023-01-03,Pending
251,Operations,EMP1251,174977.98,2023-05-30,Approved
252,Finance,EMP1252,75347.14,2024-05-23,Rejected
253,HR,EMP1253,291466.14,2023-10-12,Pending
254,IT,EMP1254,492813.12,2023-07-02,Pending
255,IT,EMP1255,8830.79,2024-08-26,Pending
256,Finance,EMP1256,244338.01,2024-06-24,Approved
257,Finance,EMP1257,416265.14,2023-01-21,Rejected
258,Operations,EMP1258,214488.77,2023-04-05,Approved
259,Finance,EMP1259,157135.58,2023-08-25,Pending
260,IT,EMP1260,52337.88,2023-03-01,Rejected
261,HR,EMP1261,41611.66,2024-06-02,Pending
262,IT,EMP1262,112401.37,2024-05-23,Approved
263,IT,EMP1263,131718.45,2024-09-01,Pending
264,Audit,EMP1264,432508.94,2024-05-24,Pending
265,IT,EMP1265,365276.91,2024-06-13,Rejected
266,Sales,EMP1266,332522.53,2024-11-26,Rejected
267,Finance,EMP1267,450443.35,2024-10-09,Rejected
268,Operations,EMP1268,64779.54,2023-06-21,Approved
269,Audit,EMP1269,301040.93,2023-12-10,Pending
270,Operations,EMP1270,267156.82,2023-01-31,Approved
271,Audit,EMP1271,450675.19,2023-07-29,Approved
272,Operations,EMP1272,421438.15,2024-01-04,Pending
273,Sales,EMP1273,187072.42,2023-08-25,Approved
274,IT,EMP1274,22901.02,2024-10-12,Approved
275,Sales,EMP1275,145101.43,2024-05-04,Approved
276,Sales,EMP1276,415062.58,2023-08-21,Approved
277,IT,EMP1277,21195.83,2023-03-29,Approved
278,Finance,EMP1278,385818.99,2024-01-21,Pending
279,Operations,EMP1279,194932.57,2024-11-12,Rejected
280,Sales,EMP1280,450395.77,2023-11-17,Approved
281,IT,EMP1281,488528.08,2024-10-18,Pending
282,IT,EMP1282,6179.47,2023-06-27,Approved
283,Finance,EMP1283,75954.43,2024-06-05,Rejected
284,Finance,EMP1284,198722.64,2023-02-17,Rejected
285,Operations,EMP1285,435298.76,2024-04-28,Pending
286,HR,EMP1286,364100.48,2023-08-13,Approved
287,Finance,EMP1287,426914.3,2024-06-14,Rejected
288,HR,EMP1288,404322.08,2024-03-06,Approved
289,Operations,EMP1289,135473.58,2023-01-19,Rejected
290,Operations,EMP1290,363161.81,2024-08-06,Pending
291,Sales,EMP1291,122692.84,2023-12-30,Approved
292,Operations,EMP1292,278172.74,2023-12-04,Approved
293,Finance,EMP1293,195299.06,2023-03-01,Rejected
294,Finance,EMP1294,9292.05,2024-09-17,Pending
295,Operations,EMP1295,158179.65,2024-08-05,Pending
296,Finance,EMP1296,105049.43,2023-09-21,Rejected
297,IT,EMP1297,41688.77,2023-08-13,Pending
298,Sales,EMP1298,1007.4,2023-07-18,Rejected
299,Finance,EMP1299,40233.77,2024-08-08,Approved
300,Finance,EMP1300,437297.41,2024-12-15,Pending
301,Operations,EMP1301,228118.89,2023-04-30,Rejected
302,Operations,EMP1302,156216.14,2023-01-28,Pending
303,Finance,EMP1303,234769.75,2024-01-29,Approved
304,Finance,EMP1304,127069.6,2023-02-13,Rejected
305,Finance,EMP1305,398219.76,2024-04-14,Pending
306,Operations,EMP1306,353009.99,2023-10-28,Approved
307,HR,EMP1307,478453.48,2023-07-31,Approved
308,Audit,EMP1308,145434.01,2023-04-15,Approved
309,Audit,EMP1309,229686.81,2023-12-12,Rejected
310,Operations,EMP1310,176919.57,2024-10-12,Pending
311,Finance,EMP1311,240191.36,2023-04-18,Approved
312,Operations,EMP1312,379991.92,2023-07-24,Pending
313,Sales,EMP1313,84672.65,2024-01-28,Pending
314,Sales,EMP1314,166715.28,2023-08-18,Approved
315,IT,EMP1315,170125.03,2024-07-14,Approved
316,Sales,EMP1316,28020.03,2024-01-03,Rejected
317,IT,EMP1317,443245.44,2023-03-30,Approved
318,Finance,EMP1318,387192.35,2024-02-05,Rejected
319,IT,EMP1319,85895.83,2024-06-01,Rejected
320,Operations,EMP1320,176478.6,2023-09-10,Pending
321,Operations,EMP1321,335133.87,2024-01-16,Approved
322,HR,EMP1322,437040.09,2023-12-12,Rejected
323,IT,EMP1323,237743.46,2023-02-22,Approved
324,IT,EMP1324,261394.92,2024-08-17,Approved
325,Audit,EMP1325,420230.16,2023-10-28,Pending
326,Operations,EMP1326,210346.25,2024-07-09,Pending
327,HR,EMP1327,189896.33,2024-06-03,Pending
328,HR,EMP1328,472609.92,2024-06-07,Approved
329,Finance,EMP1329,39427.67,2023-11-06,Approved
330,HR,EMP1330,304902.76,2024-10-31,Rejected
331,IT,EMP1331,89740.26,2024-11-22,Approved
332,HR,EMP1332,235878.52,2023-12-08,Pending
333,Operations,EMP1333,388843.91,2024-05-28,Rejected
334,Audit,EMP1334,237056.04,2024-03-31,Rejected
335,Operations,EMP1335,352760.23,2024-02-28,Rejected
336,IT,EMP1336,49496.89,2024-12-17,Approved
337,Audit,EMP1337,386640.83,2023-08-30,Pending
338,Operations,EMP1338,489095.79,2023-11-14,Pending
339,Audit,EMP1339,292766.8,2023-12-09,Pending
340,Audit,EMP1340,317497.47,2023-04-04,Rejected
341,Operations,EMP1341,351374.75,2024-10-26,Pending
342,HR,EMP1342,130144.66,2024-09-23,Approved
343,Sales,EMP1343,309611.47,2023-08-08,Pending
344,IT,EMP1344,153431.85,2023-06-29,Pending
345,IT,EMP1345,210762.11,2023-08-20,Rejected
346,Finance,EMP1346,96053.9,2023-07-05,Pending
347,IT,EMP1347,40400.78,2024-05-02,Pending
348,Sales,EMP1348,492569.16,2023-01-08,Rejected
349,Sales,EMP1349,25694.13,2023-12-24,Pending
350,Sales,EMP1350,258425.09,2023-05-22,Approved
351,HR,EMP1351,336453.27,2023-11-02,Rejected
352,Operations,EMP1352,156066.23,2023-12-20,Pending
353,Audit,EMP1353,122648.25,2023-07-01,Rejected
354,Sales,EMP1354,150556.55,2023-05-25,Pending
355,IT,EMP1355,446966.63,2024-12-07,Pending
356,IT,EMP1356,11577.48,2023-11-02,Rejected
357,Audit,EMP1357,297300.6,2023-03-17,Pending
358,Operations,EMP1358,318656.85,2023-04-23,Approved
359,Operations,EMP1359,311125.26,2023-12-03,Pending
360,Sales,EMP1360,116684.91,2024-11-22,Pending
361,Audit,EMP1361,268254.01,2023-01-07,Pending
362,IT,EMP1362,297510.2,2024-08-07,Pending
363,IT,EMP1363,331922.51,2023-12-04,Rejected
364,IT,EMP1364,480351.76,2024-08-28,Pending
365,Operations,EMP1365,433613.39,2024-09-21,Approved
366,Operations,EMP1366,359506.25,2023-03-22,Approved
367,Audit,EMP1367,62056.21,2023-08-13,Pending
368,IT,EMP1368,492378.04,2023-09-19,Rejected
369,HR,EMP1369,143769.03,2024-01-21,Pending
370,Sales,EMP1370,142558.01,2023-01-30,Rejected
371,Finance,EMP1371,20795.57,2023-11-17,Rejected
372,Operations,EMP1372,82322.78,2023-07-30,Rejected
373,Audit,EMP1373,462388.56,2024-08-29,Pending
374,HR,EMP1374,441307.66,2023-04-26,Pending
375,HR,EMP1375,42439.33,2023-05-05,Rejected
376,Finance,EMP1376,5643.89,2024-08-17,Pending
377,Finance,EMP1377,226444.09,2023-08-30,Approved
378,Audit,EMP1378,193938.63,2024-06-29,Pending
379,Operations,EMP1379,338105.54,2024-09-09,Pending
380,Operations,EMP1380,455623.81,2024-08-03,Rejected
381,Operations,EMP1381,118945.54,2023-03-06,Rejected
382,Finance,EMP1382,491123.07,2024-09-02,Approved
383,IT,EMP1383,190612.41,2023-11-12,Pending
384,Finance,EMP1384,32994.52,2023-12-01,Approved
385,Finance,EMP1385,233632.14,2024-06-04,Rejected
386,Finance,EMP1386,186313.71,2024-03-28,Approved
387,Audit,EMP1387,277959.62,2023-08-27,Rejected
388,Sales,EMP1388,456254.45,2023-06-12,Approved
389,Sales,EMP1389,150117.77,2024-12-25,Pending
390,Operations,EMP1390,20964.65,2024-12-23,Rejected
391,Audit,EMP1391,117402.08,2023-05-19,Pending
392,Sales,EMP1392,122403.98,2024-03-21,Rejected
393,Sales,EMP1393,396807.58,2023-12-31,Approved
394,Sales,EMP1394,57242.96,2024-04-06,Pending
395,Operations,EMP1395,396439.44,2024-11-16,Pending
396,Audit,EMP1396,126452.87,2024-09-21,Pending
397,Sales,EMP1397,193086.04,2023-10-05,Approved
398,IT,EMP1398,55368.86,2023-09-23,Rejected
399,Audit,EMP1399,116204.82,2023-08-02,Pending
400,Audit,EMP1400,427099.24,2024-08-28,Pending
401,Sales,EMP1401,284499.06,2023-06-24,Rejected
402,HR,EMP1402,212162.81,2024-07-18,Rejected
403,IT,EMP1403,39249.53,2024-08-04,Rejected
404,Audit,EMP1404,54157.01,2024-01-29,Pending
405,HR,EMP1405,36348.06,2023-08-21,Approved
406,Finance,EMP1406,88704.97,2024-02-11,Approved
407,Operations,EMP1407,381457.37,2023-01-27,Rejected
408,Sales,EMP1408,106987.47,2024-11-24,Pending
409,Audit,EMP1409,466507.42,2023-12-07,Approved
410,Operations,EMP1410,70180.16,2024-09-25,Pending
411,Audit,EMP1411,37825.34,2023-11-23,Pending
412,IT,EMP1412,485698.09,2023-06-12,Rejected
413,Sales,EMP1413,223102.61,2024-12-11,Rejected
414,HR,EMP1414,320281.82,2023-12-31,Approved
415,Sales,EMP1415,176072.72,2024-08-16,Pending
416,HR,EMP1416,439300.24,2024-06-12,Approved
417,IT,EMP1417,36426.94,2023-08-13,Approved
418,Audit,EMP1418,256958.88,2024-05-12,Approved
419,IT,EMP1419,493605.09,2023-04-05,Rejected
420,Finance,EMP1420,482961.07,2024-05-30,Approved
421,IT,EMP1421,197473.46,2023-11-16,Approved
422,Audit,EMP1422,81588.52,2023-11-25,Pending
423,Sales,EMP1423,47900.2,2023-09-18,Rejected
424,HR,EMP1424,172285.87,2024-10-22,Approved
425,Audit,EMP1425,212228.17,2024-03-25,Pending
426,IT,EMP1426,174956.05,2023-06-27,Rejected
427,Sales,EMP1427,220682.85,2023-08-23,Rejected
428,Operations,EMP1428,144845.23,2023-01-31,Approved
429,Audit,EMP1429,5182.21,2024-09-28,Rejected
430,Audit,EMP1430,161540.18,2023-03-08,Rejected
431,Sales,EMP1431,482145.68,2024-01-09,Rejected
432,Audit,EMP1432,2486.3,2023-01-22,Rejected
433,Operations,EMP1433,468743.33,2024-01-25,Approved
434,Audit,EMP1434,205406.5,2024-09-15,Pending
435,Audit,EMP1435,225947.35,2023-11-23,Approved
436,Sales,EMP1436,47953.68,2024-08-27,Rejected
437,Sales,EMP1437,395921.51,2023-10-19,Approved
438,Finance,EMP1438,184685.39,2023-12-28,Approved
439,IT,EMP1439,249037.38,2023-01-22,Approved
440,HR,EMP1440,79202.6,2023-07-21,Pending
441,HR,EMP1441,261394.86,2024-09-29,Rejected
442,Finance,EMP1442,67353.25,2024-01-02,Pending
443,Audit,EMP1443,482327.01,2023-11-22,Rejected
444,IT,EMP1444,493316.24,2024-07-05,Pending
445,HR,EMP1445,222130.9,2024-02-14,Pending
446,Sales,EMP1446,475359.67,2023-06-05,Approved
447,Sales,EMP1447,490165.32,2023-12-29,Rejected
448,IT,EMP1448,77131.16,2023-06-04,Approved
449,Audit,EMP1449,4165.2,2023-03-09,Rejected
450,Audit,EMP1450,252114.56,2023-07-15,Approved
451,Audit,EMP1451,143337.0,2023-03-31,Pending
452,Audit,EMP1452,212883.2,2023-05-08,Rejected
453,IT,EMP1453,442765.69,2023-01-17,Pending
454,IT,EMP1454,436113.61,2023-06-13,Rejected
455,Audit,EMP1455,299361.25,2024-08-09,Pending
456,Sales,EMP1456,267736.56,2024-01-26,Approved
457,Finance,EMP1457,249266.44,2023-06-10,Approved
458,Sales,EMP1458,477661.1,2023-03-20,Rejected
459,IT,EMP1459,379032.94,2023-11-02,Approved
460,Sales,EMP1460,216001.11,2023-10-30,Approved
461,IT,EMP1461,51584.62,2023-03-14,Approved
462,IT,EMP1462,195848.9,2023-10-25,Approved
463,Finance,EMP1463,75506.01,2024-08-07,Pending
464,IT,EMP1464,449674.55,2023-05-13,Rejected
465,Operations,EMP1465,434239.04,2024-10-12,Pending
466,HR,EMP1466,287661.86,2023-08-17,Rejected
467,IT,EMP1467,70315.09,2023-01-19,Rejected
468,HR,EMP1468,28927.6,2024-04-09,Pending
469,Audit,EMP1469,260494.27,2024-08-05,Rejected
470,Operations,EMP1470,318384.21,2023-01-01,Pending
471,Finance,EMP1471,132026.98,2024-11-17,Approved
472,Operations,EMP1472,205957.31,2024-05-08,Rejected
473,Sales,EMP1473,383265.39,2023-11-08,Rejected
474,Audit,EMP1474,426607.8,2023-08-11,Approved
475,Operations,EMP1475,233363.94,2023-12-19,Rejected
476,Sales,EMP1476,441655.85,2023-02-03,Pending
477,IT,EMP1477,237598.45,2023-03-10,Approved
478,Finance,EMP1478,11298.52,2023-10-09,Pending
479,HR,EMP1479,212542.96,2023-11-10,Rejected
480,Sales,EMP1480,495895.44,2024-09-09,Pending
481,Audit,EMP1481,21763.68,2023-09-07,Approved
482,Operations,EMP1482,47121.59,2023-05-08,Approved
483,HR,EMP1483,126910.81,2023-03-29,Approved
484,Operations,EMP1484,56694.29,2024-08-27,Pending
485,Audit,EMP1485,337464.41,2024-12-23,Rejected
486,Sales,EMP1486,497817.72,2023-04-13,Approved
487,Finance,EMP1487,187331.29,2023-09-04,Rejected
488,Sales,EMP1488,367314.64,2023-10-23,Approved
489,IT,EMP1489,253849.03,2023-10-10,Approved
490,HR,EMP1490,67516.42,2023-04-21,Rejected
491,Audit,EMP1491,422962.32,2024-04-30,Rejected
492,Sales,EMP1492,244003.86,2024-07-08,Rejected
493,Audit,EMP1493,260994.13,2024-10-26,Pending
494,HR,EMP1494,473847.62,2023-04-14,Pending
495,HR,EMP1495,101818.04,2023-10-29,Pending
496,Audit,EMP1496,458159.58,2023-06-27,Approved
497,Finance,EMP1497,208954.84,2023-06-18,Approved
498,Operations,EMP1498,322127.81,2024-04-17,Approved
499,Finance,EMP1499,113127.34,2023-04-07,Approved
500,Audit,EMP1500,392130.12,2024-11-05,Pending
501,IT,EMP1501,4032.9,2023-03-02,Pending
502,Sales,EMP1502,111545.23,2023-05-22,Rejected
503,Finance,EMP1503,120262.34,2024-07-26,Pending
504,IT,EMP1504,158472.44,2024-05-14,Rejected
505,Audit,EMP1505,419744.97,2023-01-29,Pending
506,HR,EMP1506,24860.46,2024-12-30,Approved
507,Sales,EMP1507,487294.88,2023-02-25,Pending
508,Audit,EMP1508,308350.45,2024-04-20,Pending
509,Finance,EMP1509,87334.56,2023-06-10,Pending
510,Finance,EMP1510,194314.03,2023-04-16,Rejected
511,IT,EMP1511,214556.51,2024-04-06,Rejected
512,Operations,EMP1512,285107.88,2024-03-16,Approved
513,Sales,EMP1513,417321.58,2023-12-01,Rejected
514,Operations,EMP1514,71217.23,2023-12-17,Approved
515,Sales,EMP1515,10582.37,2023-08-06,Rejected
516,Operations,EMP1516,63756.5,2024-09-30,Approved
517,Audit,EMP1517,189955.4,2024-12-31,Rejected
518,Operations,EMP1518,151681.45,2023-03-23,Pending
519,Sales,EMP1519,71216.11,2023-09-26,Rejected
520,Operations,EMP1520,92187.71,2024-11-10,Rejected
521,IT,EMP1521,412253.78,2023-09-08,Rejected
522,Audit,EMP1522,420501.47,2024-12-26,Pending
523,Operations,EMP1523,158973.83,2023-02-05,Approved
524,Sales,EMP1524,142702.52,2023-07-26,Pending
525,Finance,EMP1525,250704.92,2024-02-13,Rejected
526,Audit,EMP1526,243027.19,2024-12-05,Approved
527,Operations,EMP1527,98652.86,2023-02-24,Approved
528,IT,EMP1528,278071.97,2024-09-27,Approved
529,Audit,EMP1529,421311.66,2024-05-30,Approved
530,IT,EMP1530,158419.87,2023-09-25,Rejected
531,Operations,EMP1531,18564.63,2023-08-26,Pending
532,Operations,EMP1532,207604.02,2023-07-05,Rejected
533,Finance,EMP1533,306333.29,2024-08-07,Pending
534,Finance,EMP1534,99362.18,2024-10-10,Approved
535,Operations,EMP1535,278176.58,2023-11-28,Rejected
536,IT,EMP1536,112615.44,2023-11-08,Approved
537,Audit,EMP1537,341958.05,2024-04-23,Pending
538,Operations,EMP1538,153488.6,2024-05-07,Rejected
539,Sales,EMP1539,78176.85,2024-10-25,Approved
540,HR,EMP1540,381966.79,2023-11-27,Rejected
541,Finance,EMP1541,146922.91,2024-11-26,Pending
542,Sales,EMP1542,391107.55,2024-10-23,Approved
543,HR,EMP1543,309331.38,2024-10-17,Rejected
544,Finance,EMP1544,300112.73,2024-06-28,Pending
545,Sales,EMP1545,176063.16,2023-10-20,Approved
546,IT,EMP1546,348463.54,2024-05-02,Approved
547,Sales,EMP1547,244874.28,2023-11-06,Pending
548,Sales,EMP1548,422153.62,2024-11-12,Approved
549,Audit,EMP1549,296370.16,2024-07-27,Approved
550,Sales,EMP1550,131047.01,2023-05-09,Pending
551,IT,EMP1551,363976.31,2023-11-13,Approved
552,IT,EMP1552,450793.53,2023-04-05,Pending
553,HR,EMP1553,148344.18,2023-06-27,Approved
554,Sales,EMP1554,111935.89,2023-03-04,Rejected
555,Finance,EMP1555,431137.5,2024-05-11,Rejected
556,IT,EMP1556,172274.86,2024-11-26,Rejected
557,IT,EMP1557,478527.61,2023-12-23,Approved
558,Sales,EMP1558,436177.34,2023-03-22,Approved
559,Operations,EMP1559,370684.47,2024-02-21,Approved
560,IT,EMP1560,102966.63,2023-12-04,Rejected
561,Audit,EMP1561,287266.68,2024-12-10,Pending
562,HR,EMP1562,288199.15,2023-03-18,Approved
563,Audit,EMP1563,353360.29,2024-10-23,Rejected
564,Finance,EMP1564,420910.54,2023-10-12,Pending
565,Audit,EMP1565,207306.3,2024-07-09,Rejected
566,HR,EMP1566,48007.57,2024-05-01,Pending
567,Operations,EMP1567,474002.85,2024-02-27,Rejected
568,Audit,EMP1568,491165.84,2024-03-17,Approved
569,IT,EMP1569,19482.76,2023-10-12,Approved
570,Finance,EMP1570,477225.46,2023-02-21,Rejected
571,Audit,EMP1571,361254.92,2024-05-27,Rejected
572,IT,EMP1572,397737.32,2024-02-27,Pending
573,Operations,EMP1573,403619.43,2024-05-12,Approved
574,Finance,EMP1574,149730.63,2023-12-03,Pending
575,Operations,EMP1575,114852.86,2023-05-09,Approved
576,Operations,EMP1576,140465.08,2023-07-12,Rejected
577,Operations,EMP1577,89536.32,2023-08-01,Rejected
578,Sales,EMP1578,467551.7,2023-07-26,Pending
579,Sales,EMP1579,14000.42,2023-09-25,Rejected
580,IT,EMP1580,452117.26,2023-12-26,Rejected
581,Finance,EMP1581,266719.36,2023-07-26,Rejected
582,Finance,EMP1582,150657.46,2024-07-24,Rejected
583,HR,EMP1583,133263.54,2024-06-16,Pending
584,Operations,EMP1584,173755.21,2023-06-19,Pending
585,Operations,EMP1585,132413.48,2023-01-26,Pending
586,Operations,EMP1586,41389.1,2023-07-31,Approved
587,Operations,EMP1587,412872.16,2023-07-08,Rejected
588,Finance,EMP1588,292080.51,2023-07-26,Approved
589,Operations,EMP1589,397261.4,2023-04-27,Pending
590,HR,EMP1590,300638.58,2023-05-29,Approved
591,Operations,EMP1591,212626.67,2024-02-29,Approved
592,Finance,EMP1592,206747.87,2024-04-17,Approved
593,Operations,EMP1593,263943.75,2023-12-23,Approved
594,Finance,EMP1594,160379.5,2023-06-17,Pending
595,Finance,EMP1595,469960.09,2024-12-19,Rejected
596,HR,EMP1596,461968.18,2023-05-21,Rejected
597,Finance,EMP1597,382881.95,2023-04-06,Pending
598,Operations,EMP1598,88011.69,2024-06-27,Rejected
599,Operations,EMP1599,216046.02,2023-02-08,Approved
600,Operations,EMP1600,255447.75,2024-07-29,Rejected
601,Sales,EMP1601,156363.13,2024-09-15,Pending
602,Sales,EMP1602,407069.89,2023-01-14,Approved
603,Operations,EMP1603,153240.89,2023-08-24,Pending
604,HR,EMP1604,415743.15,2024-02-16,Pending
605,Operations,EMP1605,78551.03,2023-06-09,Pending
606,Operations,EMP1606,342771.01,2023-06-10,Approved
607,Operations,EMP1607,64370.96,2024-05-07,Pending
608,Operations,EMP1608,212254.94,2023-07-31,Pending
609,Finance,EMP1609,316551.97,2024-12-17,Rejected
610,IT,EMP1610,432200.31,2023-10-31,Pending
611,Sales,EMP1611,144137.47,2023-09-13,Pending
612,Sales,EMP1612,183783.16,2024-03-14,Pending
613,IT,EMP1613,79756.18,2024-05-19,Approved
614,Sales,EMP1614,478423.56,2023-01-05,Approved
615,Operations,EMP1615,178093.74,2023-08-02,Approved
616,Audit,EMP1616,29937.61,2024-05-29,Approved
617,Sales,EMP1617,309566.33,2023-11-01,Pending
618,HR,EMP1618,36377.39,2024-08-16,Rejected
619,Finance,EMP1619,355503.01,2023-11-28,Approved
620,Sales,EMP1620,379480.06,2023-05-29,Rejected
621,Sales,EMP1621,270747.36,2023-10-08,Rejected
622,Sales,EMP1622,204016.87,2023-02-05,Rejected
623,Finance,EMP1623,176772.99,2024-11-12,Pending
624,HR,EMP1624,199461.64,2023-09-05,Pending
625,Operations,EMP1625,393352.22,2024-04-10,Approved
626,Audit,EMP1626,270758.82,2023-06-21,Approved
627,HR,EMP1627,299748.13,2024-03-08,Approved
628,Sales,EMP1628,339674.28,2023-03-25,Approved
629,IT,EMP1629,474888.61,2023-09-19,Approved
630,HR,EMP1630,73495.78,2023-07-25,Approved
631,Audit,EMP1631,134736.47,2023-12-04,Approved
632,Operations,EMP1632,198491.24,2023-12-05,Approved
633,Operations,EMP1633,158410.52,2024-12-29,Pending
634,IT,EMP1634,187944.27,2024-10-17,Approved
635,Audit,EMP1635,275458.61,2024-03-27,Pending
636,IT,EMP1636,29547.77,2023-02-07,Approved
637,Audit,EMP1637,347581.2,2024-06-14,Approved
638,Audit,EMP1638,165345.12,2024-12-10,Approved
639,Finance,EMP1639,319202.6,2024-12-15,Pending
640,Sales,EMP1640,164873.6,2023-12-26,Approved
641,HR,EMP1641,165462.13,2023-02-02,Approved
642,Operations,EMP1642,191857.98,2023-12-31,Rejected
643,IT,EMP1643,140822.31,2023-01-09,Approved
644,Operations,EMP1644,360103.79,2023-06-18,Rejected
645,HR,EMP1645,447185.33,2024-10-07,Pending
646,HR,EMP1646,275238.65,2023-07-03,Pending
647,HR,EMP1647,120069.64,2024-05-12,Rejected
648,Audit,EMP1648,471882.37,2023-04-11,Pending
649,Sales,EMP1649,119313.33,2024-12-05,Pending
650,Sales,EMP1650,85539.77,2023-02-05,Pending
651,Finance,EMP1651,198760.19,2023-02-18,Rejected
652,HR,EMP1652,96630.46,2023-08-03,Rejected
653,Audit,EMP1653,314437.28,2024-09-02,Rejected
654,Audit,EMP1654,468405.37,2024-07-01,Rejected
655,HR,EMP1655,426646.34,2023-03-25,Approved
656,IT,EMP1656,68521.14,2024-08-30,Approved
657,HR,EMP1657,305799.09,2024-02-18,Rejected
658,Audit,EMP1658,285434.71,2023-11-01,Pending
659,Audit,EMP1659,4285.92,2023-11-12,Pending
660,HR,EMP1660,307759.79,2024-06-29,Approved
661,HR,EMP1661,425616.77,2023-08-29,Rejected
662,Operations,EMP1662,414870.76,2024-12-17,Rejected
663,HR,EMP1663,157417.47,2023-08-11,Rejected
664,Finance,EMP1664,409479.3,2023-01-09,Pending
665,Audit,EMP1665,247900.08,2023-10-30,Approved
666,HR,EMP1666,220799.03,2023-12-29,Rejected
667,Finance,EMP1667,315221.13,2024-12-19,Pending
668,Audit,EMP1668,327578.93,2023-08-02,Pending
669,HR,EMP1669,442809.58,2023-08-07,Pending
670,HR,EMP1670,44759.79,2023-06-12,Approved
671,IT,EMP1671,374760.43,2023-03-21,Rejected
672,Operations,EMP1672,23653.36,2023-10-14,Rejected
673,Operations,EMP1673,487021.34,2024-06-07,Rejected
674,HR,EMP1674,66688.38,2024-01-21,Pending
675,Operations,EMP1675,150738.85,2024-10-20,Approved
676,IT,EMP1676,152535.13,2024-04-05,Rejected
677,Finance,EMP1677,317249.24,2023-03-04,Rejected
678,IT,EMP1678,425813.43,2023-02-27,Approved
679,IT,EMP1679,36995.55,2023-09-21,Rejected
680,Audit,EMP1680,199791.49,2024-09-28,Rejected
681,Sales,EMP1681,167903.32,2023-12-28,Rejected
682,Operations,EMP1682,1663.94,2024-12-04,Approved
683,Operations,EMP1683,202608.6,2023-12-18,Approved
684,Audit,EMP1684,494555.61,2023-01-24,Rejected
685,IT,EMP1685,22307.4,2024-08-18,Pending
686,Sales,EMP1686,289764.53,2023-12-29,Pending
687,Finance,EMP1687,200831.01,2023-04-03,Approved
688,Sales,EMP1688,157954.44,2023-12-14,Pending
689,HR,EMP1689,424237.26,2023-06-20,Rejected
690,Operations,EMP1690,138913.73,2023-12-17,Pending
691,HR,EMP1691,30423.14,2024-05-07,Pending
692,IT,EMP1692,356852.52,2023-05-05,Rejected
693,Operations,EMP1693,378353.97,2023-06-18,Pending
694,Operations,EMP1694,10982.82,2024-04-13,Pending
695,Finance,EMP1695,307313.25,2023-08-15,Rejected
696,Operations,EMP1696,444541.6,2024-10-29,Pending
697,IT,EMP1697,245809.54,2024-06-29,Approved
698,Audit,EMP1698,349807.59,2023-07-27,Rejected
699,Operations,EMP1699,129692.4,2023-01-03,Approved
700,Audit,EMP1700,290039.34,2024-01-31,Pending
701,Operations,EMP1701,276821.87,2023-03-06,Pending
702,Finance,EMP1702,254830.11,2023-09-25,Approved
703,Operations,EMP1703,215563.39,2024-06-07,Pending
704,Audit,EMP1704,162003.11,2024-09-11,Approved
705,Operations,EMP1705,413347.4,2024-07-26,Rejected
706,Audit,EMP1706,348791.75,2024-09-24,Approved
707,Finance,EMP1707,16497.64,2024-12-10,Pending
708,IT,EMP1708,411054.73,2023-01-08,Rejected
709,HR,EMP1709,67148.44,2024-11-07,Rejected
710,Operations,EMP1710,211296.67,2024-02-25,Pending
711,Operations,EMP1711,378698.67,2024-06-08,Approved
712,Operations,EMP1712,100417.68,2023-06-16,Approved
713,HR,EMP1713,147152.22,2024-04-30,Approved
714,Audit,EMP1714,420844.8,2024-05-29,Approved
715,Operations,EMP1715,495228.21,2023-01-20,Pending
716,Operations,EMP1716,21042.56,2024-12-04,Approved
717,Sales,EMP1717,221417.83,2024-12-07,Approved
718,Operations,EMP1718,148428.59,2024-04-23,Pending
719,Operations,EMP1719,321264.26,2024-02-15,Rejected
720,IT,EMP1720,248414.22,2023-12-04,Rejected
721,Audit,EMP1721,377849.67,2024-09-25,Pending
722,Sales,EMP1722,257464.45,2023-09-02,Approved
723,HR,EMP1723,266087.3,2024-01-05,Approved
724,IT,EMP1724,177966.95,2024-09-09,Pending
725,HR,EMP1725,25046.49,2023-04-01,Pending
726,Operations,EMP1726,491202.74,2023-11-25,Rejected
727,HR,EMP1727,246833.92,2024-10-20,Rejected
728,IT,EMP1728,215491.82,2023-05-06,Pending
729,Operations,EMP1729,372910.92,2024-10-17,Approved
730,Sales,EMP1730,116202.78,2023-08-29,Approved
731,Sales,EMP1731,339597.07,2024-11-26,Rejected
732,Operations,EMP1732,481697.22,2024-07-04,Rejected
733,Audit,EMP1733,76245.21,2024-01-03,Approved
734,Audit,EMP1734,84499.28,2023-10-27,Approved
735,IT,EMP1735,158993.5,2024-09-23,Rejected
736,Finance,EMP1736,299087.05,2023-02-21,Approved
737,Sales,EMP1737,84970.5,2024-11-01,Rejected
738,HR,EMP1738,24183.42,2024-06-10,Pending
739,Operations,EMP1739,410041.74,2024-05-01,Approved
740,Operations,EMP1740,476998.83,2023-01-18,Approved
741,IT,EMP1741,236067.11,2023-06-15,Approved
742,IT,EMP1742,373649.88,2023-07-08,Pending
743,Finance,EMP1743,499301.08,2023-10-16,Pending
744,Sales,EMP1744,67667.38,2024-07-17,Rejected
745,HR,EMP1745,446773.01,2024-10-29,Rejected
746,IT,EMP1746,498671.85,2023-10-26,Approved
747,HR,EMP1747,4118.79,2024-09-16,Pending
748,Sales,EMP1748,41857.5,2023-03-24,Rejected
749,IT,EMP1749,416946.37,2023-04-16,Approved
750,Finance,EMP1750,123283.33,2023-11-09,Rejected
751,Sales,EMP1751,243019.83,2024-10-24,Rejected
752,IT,EMP1752,227087.94,2023-11-12,Rejected
753,Operations,EMP1753,465017.58,2023-03-23,Approved
754,IT,EMP1754,55838.14,2023-11-16,Approved
755,IT,EMP1755,328216.8,2023-10-28,Pending
756,IT,EMP1756,374424.04,2023-07-29,Rejected
757,Audit,EMP1757,499332.64,2024-12-31,Rejected
758,HR,EMP1758,323058.51,2024-08-31,Rejected
759,Audit,EMP1759,304894.84,2023-10-09,Pending
760,HR,EMP1760,296921.16,2023-10-31,Rejected
761,Sales,EMP1761,69953.39,2024-12-05,Pending
762,Operations,EMP1762,307825.6,2023-11-08,Pending
763,Sales,EMP1763,273770.42,2024-06-08,Approved
764,Finance,EMP1764,391717.99,2023-11-07,Approved
765,Sales,EMP1765,171072.52,2024-03-19,Pending
766,Operations,EMP1766,251667.62,2023-01-01,Pending
767,Audit,EMP1767,490389.01,2023-11-09,Approved
768,Finance,EMP1768,287000.57,2024-03-11,Rejected
769,IT,EMP1769,8260.16,2023-09-05,Approved
770,HR,EMP1770,313852.46,2024-10-29,Approved
771,IT,EMP1771,114871.25,2024-10-01,Pending
772,HR,EMP1772,4826.61,2024-01-17,Approved
773,Audit,EMP1773,134122.47,2023-03-09,Pending
774,Operations,EMP1774,338194.03,2024-05-23,Rejected
775,HR,EMP1775,80832.4,2024-06-06,Approved
776,Finance,EMP1776,26133.03,2024-11-09,Approved
777,Audit,EMP1777,497773.43,2023-04-16,Pending
778,HR,EMP1778,113488.41,2024-01-13,Approved
779,HR,EMP1779,317043.55,2023-07-13,Pending
780,Finance,EMP1780,357492.1,2024-11-19,Pending
781,HR,EMP1781,166609.7,2023-04-09,Approved
782,Sales,EMP1782,164944.02,2024-11-15,Approved
783,Finance,EMP1783,345517.75,2024-09-17,Rejected
784,Finance,EMP1784,32063.55,2024-02-02,Pending
785,Audit,EMP1785,401336.12,2023-11-15,Pending
786,Finance,EMP1786,6380.16,2024-01-20,Pending
787,Sales,EMP1787,230137.38,2024-08-09,Pending
788,Finance,EMP1788,402595.94,2024-08-07,Pending
789,Audit,EMP1789,294697.18,2024-11-18,Approved
790,IT,EMP1790,215574.62,2023-05-07,Approved
791,HR,EMP1791,13413.56,2023-07-19,Pending
792,HR,EMP1792,304916.73,2024-12-14,Approved
793,Sales,EMP1793,100885.68,2024-07-08,Pending
794,Operations,EMP1794,325569.39,2024-09-05,Approved
795,Finance,EMP1795,21392.31,2024-09-30,Rejected
796,Operations,EMP1796,229430.63,2024-09-21,Approved
797,Sales,EMP1797,328965.53,2024-07-27,Rejected
798,Finance,EMP1798,201931.14,2023-01-01,Rejected
799,IT,EMP1799,34901.74,2023-08-24,Pending
800,HR,EMP1800,130494.2,2024-07-04,Approved
801,Finance,EMP1801,466736.19,2024-12-01,Pending
802,Operations,EMP1802,189369.38,2024-05-08,Approved
803,HR,EMP1803,168815.96,2023-08-19,Approved
804,Operations,EMP1804,470872.89,2024-09-05,Rejected
805,Operations,EMP1805,237679.86,2024-01-25,Approved
806,Sales,EMP1806,376289.99,2023-10-05,Approved
807,Finance,EMP1807,121890.76,2023-10-15,Approved
808,Audit,EMP1808,6021.93,2023-12-20,Pending
809,Audit,EMP1809,243125.21,2024-05-14,Pending
810,Finance,EMP1810,244612.38,2024-09-30,Rejected
811,Operations,EMP1811,380401.3,2023-02-21,Rejected
812,HR,EMP1812,55215.41,2023-12-07,Rejected
813,HR,EMP1813,223842.66,2024-07-19,Approved
814,HR,EMP1814,131127.15,2023-02-28,Pending
815,Finance,EMP1815,125021.17,2023-11-16,Rejected
816,Finance,EMP1816,332521.01,2024-08-09,Pending
817,Sales,EMP1817,390023.47,2023-02-05,Approved
818,HR,EMP1818,93916.43,2024-02-25,Approved
819,IT,EMP1819,215473.83,2024-04-18,Pending
820,Operations,EMP1820,86683.81,2023-12-28,Approved
821,IT,EMP1821,88297.09,2023-02-09,Rejected
822,IT,EMP1822,205533.14,2023-06-04,Approved
823,Finance,EMP1823,360348.43,2024-01-15,Approved
824,Operations,EMP1824,496558.23,2023-12-08,Pending
825,Sales,EMP1825,185407.99,2024-08-28,Rejected
826,Operations,EMP1826,392353.52,2024-10-25,Rejected
827,Finance,EMP1827,101715.74,2023-10-15,Approved
828,Finance,EMP1828,126586.51,2024-06-12,Pending
829,Finance,EMP1829,6196.32,2024-08-13,Approved
830,Audit,EMP1830,292591.41,2023-08-31,Rejected
831,Operations,EMP1831,269125.91,2024-05-13,Rejected
832,HR,EMP1832,23118.96,2024-01-18,Rejected
833,Audit,EMP1833,327478.47,2024-02-15,Pending
834,Audit,EMP1834,162044.12,2024-03-28,Rejected
835,Sales,EMP1835,40465.1,2024-06-06,Approved
836,Audit,EMP1836,17105.86,2024-02-12,Pending
837,Finance,EMP1837,252547.01,2024-10-03,Approved
838,IT,EMP1838,18904.2,2023-01-04,Approved
839,Audit,EMP1839,381653.86,2023-11-02,Approved
840,HR,EMP1840,260908.37,2024-08-24,Rejected
841,HR,EMP1841,495602.94,2024-05-13,Approved
842,Operations,EMP1842,22429.85,2023-01-11,Approved
843,Audit,EMP1843,478591.77,2024-09-19,Approved
844,Audit,EMP1844,255061.65,2024-02-06,Rejected
845,Sales,EMP1845,72626.82,2024-12-16,Approved
846,Sales,EMP1846,499368.31,2023-02-04,Pending
847,Audit,EMP1847,279176.75,2024-07-10,Approved
848,Sales,EMP1848,291244.82,2023-10-21,Approved
849,Sales,EMP1849,35906.43,2024-01-14,Approved
850,Audit,EMP1850,157958.17,2024-09-03,Rejected
851,Finance,EMP1851,390924.62,2023-10-12,Pending
852,HR,EMP1852,246661.99,2023-02-25,Rejected
853,HR,EMP1853,99112.79,2024-08-15,Pending
854,IT,EMP1854,392735.29,2023-10-07,Approved
855,Operations,EMP1855,114097.9,2023-12-01,Rejected
856,Finance,EMP1856,366555.83,2024-05-23,Pending
857,Operations,EMP1857,374015.02,2023-10-08,Pending
858,Sales,EMP1858,427067.29,2023-01-29,Rejected
859,IT,EMP1859,301176.02,2023-05-07,Rejected
860,Audit,EMP1860,429337.18,2023-07-03,Pending
861,IT,EMP1861,301781.49,2024-10-09,Pending
862,HR,EMP1862,336572.26,2023-08-09,Pending
863,HR,EMP1863,341840.6,2024-05-12,Pending
864,Operations,EMP1864,17824.5,2023-02-17,Rejected
865,Sales,EMP1865,341146.24,2024-09-29,Rejected
866,HR,EMP1866,165708.2,2023-03-11,Approved
867,Audit,EMP1867,49029.24,2023-12-12,Pending
868,Sales,EMP1868,489103.98,2024-06-25,Approved
869,Operations,EMP1869,429801.21,2023-03-17,Pending
870,Audit,EMP1870,124525.69,2024-08-18,Rejected
871,Finance,EMP1871,442903.82,2024-09-29,Rejected
872,HR,EMP1872,290777.69,2023-02-09,Pending
873,Operations,EMP1873,158172.18,2023-11-02,Pending
874,Finance,EMP1874,236889.87,2023-02-17,Pending
875,HR,EMP1875,271811.8,2023-12-05,Approved
876,Finance,EMP1876,14544.01,2023-03-23,Rejected
877,HR,EMP1877,80446.15,2024-02-11,Rejected
878,Operations,EMP1878,212252.1,2024-07-15,Approved
879,Audit,EMP1879,475138.55,2024-07-25,Approved
880,IT,EMP1880,6068.68,2024-03-03,Rejected
881,IT,EMP1881,401937.51,2023-01-02,Approved
882,Operations,EMP1882,43397.81,2023-07-31,Approved
883,Operations,EMP1883,261736.07,2024-02-24,Rejected
884,Operations,EMP1884,336017.19,2024-04-29,Pending
885,Audit,EMP1885,252196.21,2023-10-08,Approved
886,Finance,EMP1886,96765.94,2024-12-08,Pending
887,HR,EMP1887,480805.95,2024-12-05,Rejected
888,Operations,EMP1888,393470.33,2023-07-03,Pending
889,Finance,EMP1889,28903.84,2023-11-15,Approved
890,Finance,EMP1890,130232.44,2024-04-14,Rejected
891,HR,EMP1891,495677.24,2024-02-22,Pending
892,Audit,EMP1892,32785.68,2023-05-30,Approved
893,Audit,EMP1893,387204.54,2023-04-07,Rejected
894,Operations,EMP1894,73419.5,2024-04-20,Approved
895,Audit,EMP1895,163487.87,2023-11-08,Pending
896,HR,EMP1896,149957.1,2024-12-21,Approved
897,IT,EMP1897,280778.1,2023-02-18,Approved
898,Audit,EMP1898,381014.68,2023-12-02,Rejected
899,IT,EMP1899,179948.8,2023-08-08,Approved
900,HR,EMP1900,131101.28,2023-03-31,Rejected
901,Audit,EMP1901,14723.77,2023-12-06,Pending
902,Audit,EMP1902,12660.73,2024-06-30,Approved
903,Sales,EMP1903,376786.57,2023-05-31,Rejected
904,Operations,EMP1904,207577.74,2024-05-01,Rejected
905,Sales,EMP1905,120823.92,2024-11-16,Rejected
906,IT,EMP1906,349418.65,2023-02-28,Pending
907,HR,EMP1907,61934.54,2024-03-19,Pending
908,Sales,EMP1908,307909.92,2024-04-02,Pending
909,Finance,EMP1909,16507.97,2024-07-28,Approved
910,IT,EMP1910,14406.11,2024-03-29,Approved
911,Audit,EMP1911,216959.19,2023-03-25,Pending
912,Operations,EMP1912,376897.71,2024-07-12,Pending
913,Sales,EMP1913,363409.45,2023-03-10,Approved
914,IT,EMP1914,255753.13,2023-01-03,Rejected
915,Operations,EMP1915,413606.19,2023-04-08,Approved
916,Audit,EMP1916,121373.12,2024-12-17,Rejected
917,Operations,EMP1917,176398.51,2023-12-03,Pending
918,Finance,EMP1918,244647.1,2023-12-21,Approved
919,Finance,EMP1919,414254.21,2024-01-25,Pending
920,Audit,EMP1920,416840.71,2024-08-07,Approved
921,IT,EMP1921,388898.95,2024-04-05,Approved
922,Audit,EMP1922,17176.43,2023-09-28,Pending
923,HR,EMP1923,408350.09,2024-10-23,Pending
924,Finance,EMP1924,98689.25,2024-03-31,Rejected
925,Finance,EMP1925,316401.37,2023-04-13,Pending
926,Operations,EMP1926,272320.49,2024-12-06,Pending
927,HR,EMP1927,106472.1,2023-07-09,Rejected
928,IT,EMP1928,322163.34,2023-08-27,Approved
929,Finance,EMP1929,289144.54,2023-01-25,Rejected
930,IT,EMP1930,395204.58,2024-05-20,Rejected
931,Audit,EMP1931,164472.83,2024-02-23,Rejected
932,Finance,EMP1932,55511.95,2023-07-16,Approved
933,Sales,EMP1933,89746.32,2024-03-06,Pending
934,Finance,EMP1934,324414.04,2024-03-29,Pending
935,HR,EMP1935,81591.25,2023-05-14,Approved
936,IT,EMP1936,35867.64,2023-09-19,Pending
937,Audit,EMP1937,353890.17,2023-07-21,Pending
938,Operations,EMP1938,332955.7,2023-05-28,Rejected
939,Audit,EMP1939,253522.19,2024-06-08,Rejected
940,Audit,EMP1940,315094.07,2023-04-26,Pending
941,IT,EMP1941,484073.2,2024-02-12,Approved
942,IT,EMP1942,312803.71,2023-05-11,Approved
943,IT,EMP1943,149796.53,2023-09-22,Rejected
944,Audit,EMP1944,331706.9,2024-06-21,Pending
945,Finance,EMP1945,86398.21,2024-05-06,Rejected
946,HR,EMP1946,453893.76,2024-09-09,Rejected
947,Finance,EMP1947,51724.7,2024-10-27,Rejected
948,Sales,EMP1948,198667.13,2023-11-26,Rejected
949,Operations,EMP1949,456681.17,2023-10-10,Approved
950,Operations,EMP1950,25098.82,2024-07-20,Approved
951,IT,EMP1951,87628.89,2024-12-05,Pending
952,Operations,EMP1952,284670.72,2024-08-31,Rejected
953,IT,EMP1953,239774.05,2024-01-24,Approved
954,HR,EMP1954,49054.43,2024-12-29,Rejected
955,Audit,EMP1955,304214.53,2024-04-02,Approved
956,Operations,EMP1956,453702.19,2023-10-19,Pending
957,Operations,EMP1957,449001.02,2023-07-09,Pending
958,HR,EMP1958,483918.62,2024-06-30,Approved
959,HR,EMP1959,95104.58,2023-09-14,Approved
960,Finance,EMP1960,235566.14,2023-06-01,Approved
961,Sales,EMP1961,219860.72,2023-08-24,Approved
962,Audit,EMP1962,440052.59,2023-07-21,Approved
963,Audit,EMP1963,246442.26,2024-04-22,Approved
964,Finance,EMP1964,469671.89,2024-11-07,Rejected
965,Audit,EMP1965,369095.91,2023-10-03,Rejected
966,Operations,EMP1966,401065.32,2024-06-22,Pending
967,Sales,EMP1967,440385.69,2023-05-23,Pending
968,Operations,EMP1968,194664.28,2024-11-07,Pending
969,Sales,EMP1969,252669.32,2024-11-28,Rejected
970,Finance,EMP1970,347549.78,2023-06-08,Approved
971,Finance,EMP1971,117665.93,2024-11-29,Pending
972,IT,EMP1972,394878.25,2023-02-19,Pending
973,IT,EMP1973,381163.03,2024-06-04,Approved
974,Sales,EMP1974,75685.77,2023-04-22,Approved
975,IT,EMP1975,151911.89,2023-12-23,Rejected
976,HR,EMP1976,338729.02,2023-02-27,Approved
977,Operations,EMP1977,474281.37,2023-02-23,Rejected
978,Sales,EMP1978,192012.99,2024-12-03,Approved
979,HR,EMP1979,165256.48,2024-09-22,Rejected
980,IT,EMP1980,414350.41,2024-07-02,Approved
981,IT,EMP1981,193611.84,2024-07-20,Rejected
982,Audit,EMP1982,171872.01,2024-06-13,Pending
983,Operations,EMP1983,200285.9,2023-09-30,Pending
984,Sales,EMP1984,247994.51,2023-04-13,Approved
985,IT,EMP1985,475148.37,2023-12-05,Rejected
986,Audit,EMP1986,420328.0,2024-06-08,Pending
987,Operations,EMP1987,407708.12,2023-10-19,Pending
988,Operations,EMP1988,115357.22,2024-10-02,Pending
989,Sales,EMP1989,291336.92,2023-05-08,Approved
990,IT,EMP1990,349264.7,2024-07-20,Rejected
991,Operations,EMP1991,53879.83,2024-07-19,Approved
992,HR,EMP1992,481184.51,2023-06-22,Rejected
993,HR,EMP1993,138128.41,2024-03-31,Rejected
994,Operations,EMP1994,237607.15,2023-09-15,Approved
995,Sales,EMP1995,337760.0,2023-02-10,Rejected
996,Audit,EMP1996,41336.8,2023-06-29,Rejected
997,Operations,EMP1997,51826.15,2024-03-15,Rejected
998,Audit,EMP1998,390743.53,2023-11-30,Approved
999,HR,EMP1999,484237.35,2024-12-04,Approved
1000,IT,EMP2000,325766.04,2023-05-21,Pending
